x,y,which,b0,b1,b2
-12.625,14.875,s3: poly,2092.2943947378076,-211.16780973846215,5.320086332549544
-7.875,12.375,s3: poly,2648.8766275233697,-274.5940552310826,7.114790730269948
-7.875,12.625,s3: poly,2675.3274125599064,-275.86671459055043,7.1091115737084865
-12.625,14.125,s3: poly,2467.0568528396248,-250.63884821560455,6.3576427173991394
-11.375,14.375,s3: poly,3096.9248112482546,-309.70614570308703,7.730105706940707
-12.125,12.625,s3: poly,2920.5989601127003,-306.0602812510712,8.008160289815374
-11.375,16.625,s3: poly,1382.593143258554,-136.99684850537784,3.386478140852417
-9.375,12.875,s3: poly,3040.6827814789444,-313.5185200280807,8.076027179348712
-5.625,9.375,s3: poly,-528.4032013035943,26.917234078555417,0.07530764976615537
-12.375,11.375,s3: poly,979.7895979607154,-140.62821749042257,4.651043282625109
-12.125,10.375,s3: poly,-1742.3325609096482,115.44762636275249,-1.2956885577039614
-13.875,16.125,s3: poly,1500.4232415311028,-148.80052815715146,3.6819385913926603
-7.375,16.625,s3: poly,1651.3748303476957,-161.07496776774585,3.9142371728824648
-9.625,15.125,s3: poly,2788.660390588514,-275.47807400553774,6.787324896386775
-7.625,9.625,s3: poly,538.9551610748161,-82.80048686694528,2.887658381162947
-12.375,13.375,s3: poly,2898.554601361364,-296.339157788657,7.566318567111543
-12.375,14.125,s3: poly,2634.799230225553,-266.5783956070914,6.733550144603451
-12.375,14.375,s3: poly,2629.3153066862237,-264.31204848369697,6.6319326362508075
-12.375,14.625,s3: poly,2540.885951373166,-254.69103987164718,6.37167110754913
-12.375,14.875,s3: poly,2298.0200597961807,-230.20241559736215,5.754996472248915
-12.125,10.625,s3: poly,-929.976147459571,40.46247619153408,0.4086484703554131
-12.125,10.875,s3: poly,-565.4384884939029,7.663159097300385,1.1263835193393292
-12.125,11.125,s3: poly,403.6534614619856,-83.45850049327672,3.2417797738562806
-12.125,11.375,s3: poly,1441.6898124498873,-180.96982323475382,5.504183935838514
-12.125,13.375,s3: poly,2733.925710953563,-281.24329350131563,7.2246441907412136
-12.125,13.625,s3: poly,2923.1215784105502,-296.9080900809727,7.529855718224858
-12.125,13.875,s3: poly,2839.3398184796997,-288.1680118614766,7.3020853652665005
-12.125,14.125,s3: poly,2629.125705881273,-266.57570063419706,6.748413373518355
-12.125,14.375,s3: poly,2846.416675717286,-285.49073670680554,7.146772031809537
-12.125,14.625,s3: poly,2627.278240904117,-262.69503292662364,6.554765358162363
-12.125,14.875,s3: poly,2298.707883873109,-230.56641069047848,5.771796184896439
-12.125,15.125,s3: poly,2232.572328093813,-223.56241881958286,5.58682237937877
-11.875,10.625,s3: poly,-445.3976294772974,-2.754671261347332,1.3511750681942483
-11.875,10.875,s3: poly,97.86966619969604,-53.36042068003241,2.5059510939747596
-11.875,11.125,s3: poly,440.7835708821152,-84.52979092567686,3.1977208805207744
-11.875,11.375,s3: poly,1344.397649894559,-168.23302585438555,5.104709825377819
-11.875,12.375,s3: poly,2941.670725170132,-312.4234316262071,8.280645897367592
-11.875,13.125,s3: poly,3047.043012281204,-312.6352560259073,8.012276106792331
-11.875,13.375,s3: poly,2999.1870887217606,-304.9807591729986,7.745131083995868
-11.875,13.625,s3: poly,3021.3334720471553,-306.5933366758867,7.768250345152064
-11.875,13.875,s3: poly,2900.9048364695122,-293.93514197155423,7.435645281368391
-11.875,14.125,s3: poly,2778.9162464608485,-280.9000152405143,7.088742860424297
-11.875,14.375,s3: poly,2643.842880679766,-266.05134167753886,6.683608822982075
-11.875,14.625,s3: poly,2572.3320205658397,-257.7548013370631,6.445883438343627
-11.875,14.875,s3: poly,2578.8328370951067,-257.21223263776307,6.401056300787757
-11.875,15.125,s3: poly,2476.8888584525375,-246.62150998454527,6.126283305282524
-11.875,15.375,s3: poly,2267.351187064967,-225.72754833066335,5.605969435900642
-11.875,16.875,s3: poly,1393.934890660551,-137.73562134655012,3.3941702389507262
-11.875,17.125,s3: poly,1131.6430716103023,-112.16493804799123,2.773853332968088
-11.625,10.625,s3: poly,182.8259327171954,-59.03720404465812,2.5800317213159008
-11.625,10.875,s3: poly,179.3518027181647,-57.4711896022228,2.50048634757422
-11.625,11.125,s3: poly,1097.5344535263432,-142.39200687620607,4.434139837865335
-11.625,11.375,s3: poly,1765.6027492451685,-205.0176845332652,5.88485985833658
-11.625,11.875,s3: poly,2588.4465275327425,-282.28847786167,7.671797276438467
-11.625,12.125,s3: poly,3099.9172452472785,-328.14700584780024,8.673229281732816
-11.625,12.375,s3: poly,2906.837925009543,-307.7458929038231,8.133349344319146
-11.625,12.625,s3: poly,3088.8537321672434,-321.45530664463837,8.35529453051397
-11.625,12.875,s3: poly,3151.5812942408015,-326.22216185622113,8.433511061860193
-11.625,13.125,s3: poly,2973.1429652199713,-305.804931811408,7.855582892949638
-11.625,13.375,s3: poly,3239.8910800690815,-329.2078098563689,8.352789392616454
-11.625,13.625,s3: poly,2903.459788900032,-296.0187270559338,7.536597809267038
-11.625,13.875,s3: poly,2887.530111100463,-292.97925329010957,7.422163824445555
-11.625,14.125,s3: poly,2892.226002552369,-291.67296915588497,7.342774286551986
-11.625,14.375,s3: poly,2659.6636419050596,-268.3766957035767,6.761066858568317
-11.625,14.625,s3: poly,2776.6180716537965,-277.63971409637077,6.9282827457330765
-11.625,14.875,s3: poly,2657.101002275725,-265.04770903938345,6.597226222849438
-11.625,15.125,s3: poly,2509.5360156880033,-249.63564803343317,6.194892669488089
-11.625,15.375,s3: poly,2100.181121519271,-209.86341173942307,5.232703597546184
-11.625,15.625,s3: poly,2026.005002649398,-202.10417444584203,5.030487071335905
-11.625,15.875,s3: poly,1889.043412335105,-187.56909160768043,4.646319160260997
-11.625,16.125,s3: poly,1696.5651705086723,-168.31653130130047,4.165898034221576
-11.625,16.375,s3: poly,1475.1036513674069,-146.602373361465,3.635707817343314
-11.625,16.625,s3: poly,1250.9702673567876,-124.66860354822971,3.1001840242029797
-11.625,16.875,s3: poly,1278.2349869158782,-126.3900385443144,3.1170106245696916
-11.625,17.125,s3: poly,1164.182651845689,-115.12386863448077,2.8399363206870953
-11.625,17.375,s3: poly,1015.54701663634,-100.46838358473396,2.4801885925841956
-11.375,10.625,s3: poly,111.42584723048816,-51.083042669552775,2.3560484632528764
-11.375,10.875,s3: poly,539.3083756043249,-90.70596146169555,3.257735612868383
-11.375,11.125,s3: poly,1200.8970737228692,-151.84572317952956,4.6472635441087595
-11.375,11.375,s3: poly,1343.22526337396,-165.0441543649109,4.9429360341627175
-11.375,11.625,s3: poly,1909.2647047742946,-219.0355235986672,6.21950776214889
-11.375,11.875,s3: poly,2618.0574473476227,-285.0572787073708,7.735867922344016
-11.375,12.125,s3: poly,2818.5872146255033,-300.98153919320725,8.021118082178296
-11.375,12.375,s3: poly,2791.079683655063,-297.619810497793,7.9178971930450475
-11.375,12.625,s3: poly,2963.001380309194,-310.64731062450323,8.13265172099717
-11.375,12.875,s3: poly,3094.6461579989104,-320.65463471565016,8.297384136496241
-11.375,13.125,s3: poly,2963.6753749502054,-305.21635261648237,7.850309354704194
-11.375,13.375,s3: poly,3068.166704238023,-313.1589796440825,7.981764275949799
-11.375,13.625,s3: poly,3069.393357826236,-311.4464950215192,7.8909781741957286
-11.375,13.875,s3: poly,2980.595764204041,-302.0258977849749,7.641501474907625
-11.375,14.125,s3: poly,3045.3114515564675,-306.4237720502371,7.696424187050612
-11.375,14.625,s3: poly,2753.222205683265,-275.62651703454515,6.88639870577469
-11.375,14.875,s3: poly,2462.3361851435825,-246.6948973248053,6.16819961333551
-11.375,15.125,s3: poly,2713.09799975499,-268.9121205933606,6.648409808243642
-11.375,15.375,s3: poly,2279.7478332597125,-226.83260442030462,5.630919034595975
-11.375,15.625,s3: poly,2281.1684412161235,-226.29840094548487,5.599793223123036
-11.375,15.875,s3: poly,1901.8629265783486,-188.74195740837823,4.673090712273585
-11.375,16.125,s3: poly,1773.0764823179904,-175.69793119890954,4.342528137109735
-11.375,16.375,s3: poly,1533.0627255593631,-152.02188949490358,3.7606055800875
-11.375,16.875,s3: poly,1288.2125037472117,-127.45850634525725,3.1456450384010095
-11.375,17.125,s3: poly,1142.757343156425,-113.12554688028546,2.7937257535199045
-11.375,17.375,s3: poly,964.1755325280126,-95.34898677691858,2.3523616212044147
-11.375,17.625,s3: poly,966.079594086394,-95.13021929826391,2.3366740378766004
-11.375,17.875,s3: poly,744.7759031250824,-73.81892898720828,1.8257661204320228
-11.125,11.125,s3: poly,1102.6275171301784,-140.76600813307292,4.334974866030468
-11.125,11.375,s3: poly,1638.3594526237403,-191.6084966034685,5.527044667844463
-11.125,11.625,s3: poly,1762.4169502476116,-203.72153245842725,5.820309276782039
-11.125,11.875,s3: poly,2756.3002188114538,-296.7535211094845,7.970791688372792
-11.125,12.125,s3: poly,2531.791584910647,-273.55413952839007,7.368792937802375
-11.125,12.375,s3: poly,2726.2148065183587,-290.6922770821345,7.733232010636069
-11.125,12.625,s3: poly,2770.5541894081475,-291.58802732276916,7.662061682403854
-11.125,12.875,s3: poly,3076.683940570392,-318.04838155206073,8.211838511960012
-11.125,13.125,s3: poly,3172.7718221381874,-324.2263628576419,8.27618616520993
-11.125,13.375,s3: poly,3282.1719565300878,-332.61648952950907,8.417527397743223
-11.125,13.625,s3: poly,3086.1113704002023,-313.33876629535,7.943873161053978
-11.125,13.875,s3: poly,3162.6037220609687,-318.31711254166163,7.998315317000552
-11.125,14.125,s3: poly,3069.146803454634,-308.825766077417,7.75702771712997
-11.125,14.375,s3: poly,3051.0817781177566,-305.54116381327896,7.636671023336018
-11.125,14.625,s3: poly,2807.044774562037,-280.23035532186043,6.981142533625915
-11.125,14.875,s3: poly,2626.2306456219035,-261.8524026925706,6.514315473596101
-11.125,15.125,s3: poly,2641.561885950168,-262.5953932306618,6.512288488814572
-11.125,15.375,s3: poly,2416.0169785761723,-239.52078184652902,5.923775545622396
-11.125,15.625,s3: poly,2137.943802806407,-212.56778030033033,5.272737347747193
-11.125,15.875,s3: poly,1985.740222655206,-197.3323247349032,4.89180040331108
-11.125,16.125,s3: poly,1789.564866457034,-177.22406421566063,4.378555560732637
-11.125,16.375,s3: poly,1709.377991739077,-168.82597880966276,4.159352680494557
-11.125,16.625,s3: poly,1609.9127784455306,-158.26643105533907,3.8792134051434517
-11.125,16.875,s3: poly,1353.8809616162443,-133.49642349791327,3.2824450131959546
-11.125,17.125,s3: poly,1097.3831091752143,-108.51365517965218,2.6768780941056525
-11.125,17.375,s3: poly,1002.8862300500159,-98.74468770816948,2.424743690541431
-11.125,17.625,s3: poly,1060.9179218964284,-103.87545804622515,2.535540591840465
-11.125,17.875,s3: poly,633.7907807410652,-63.14881472236707,1.5711694043059066
-11.125,18.125,s3: poly,703.8617239475494,-69.28686543831371,1.7019320799015316
-10.875,11.625,s3: poly,2252.7308026719843,-249.35001085099438,6.866838853535011
-10.875,11.875,s3: poly,2152.01968833558,-238.05141230810872,6.5492647320357875
-10.875,12.125,s3: poly,2575.3272067035064,-277.2692975707156,7.445701173859018
-10.875,12.375,s3: poly,2743.5741623625427,-291.4443813969019,7.727263700516512
-10.875,12.625,s3: poly,2962.2239640201833,-308.95192953396804,8.049237618623788
-10.875,12.875,s3: poly,2866.850371781319,-299.446504752369,7.810678449043083
-10.875,13.125,s3: poly,3095.353208073229,-317.87885666722724,8.152930475771068
-10.875,13.375,s3: poly,3377.4425106045364,-342.25006266843417,8.65987942055825
-10.875,13.625,s3: poly,2984.6492728348508,-304.2652683013943,7.745364065138545
-10.875,13.875,s3: poly,3177.1172188966957,-320.53321785405643,8.073336159380014
-10.875,14.125,s3: poly,3189.954751707696,-320.40587972814217,8.033221897508838
-10.875,14.375,s3: poly,3009.263238670379,-302.3792339731871,7.584268682403172
-10.875,14.625,s3: poly,2998.6483497957406,-298.61553409487044,7.419517239177548
-10.875,14.875,s3: poly,2424.997042868124,-243.62593358427443,6.1091473750693455
-10.875,15.125,s3: poly,2589.3231156327297,-257.4540923399617,6.386318502237868
-10.875,15.375,s3: poly,2342.0097097015528,-232.63291955735937,5.764604650207231
-10.875,15.625,s3: poly,2078.531145733353,-206.65457042058557,5.125995057037095
-10.875,15.875,s3: poly,1982.0308495969637,-196.80950617749056,4.875547825379501
-10.875,16.125,s3: poly,1950.586681025342,-192.42451832983446,4.7347201127582785
-10.875,16.375,s3: poly,1506.2164455204977,-149.51001624456427,3.702595652606944
-10.875,16.625,s3: poly,1411.3231322766555,-140.17451488069668,3.4731080750630126
-10.875,16.875,s3: poly,1373.5009350877306,-135.6998508699021,3.3445325782335793
-10.875,17.125,s3: poly,1190.4595344914453,-117.27064004888152,2.88071073911067
-10.875,17.375,s3: poly,1056.146754679215,-103.86285408830541,2.54701502799355
-10.875,17.625,s3: poly,857.7338610585846,-84.44334774141822,2.0741902607560982
-10.875,17.875,s3: poly,691.6945009279799,-68.25850085524075,1.6809516155810542
-10.875,18.125,s3: poly,560.387408016488,-55.64919911620237,1.379880546285745
-10.625,11.625,s3: poly,2000.8596053842377,-225.31141983464238,6.296075062159999
-10.625,11.875,s3: poly,2194.167304987931,-242.17607930685355,6.651722976080317
-10.625,12.125,s3: poly,2650.342382046267,-284.91158021243353,7.638623040614022
-10.625,12.375,s3: poly,2740.0696594522783,-291.40822985292647,7.733616132339254
-10.625,12.625,s3: poly,2899.0980737054183,-303.43039849964146,7.932021704065775
-10.625,12.875,s3: poly,2913.379024677237,-302.7289586160268,7.857015521338168
-10.625,13.125,s3: poly,3098.884021737058,-318.19602631945367,8.160599079768378
-10.625,13.375,s3: poly,3149.3599170565735,-321.2258627097659,8.18199201993248
-10.625,13.625,s3: poly,2993.5783259528143,-304.76500295162424,7.746919384621233
-10.625,13.875,s3: poly,3241.34186018278,-326.8571211933416,8.228748840845917
-10.625,14.125,s3: poly,3242.4643904266004,-324.98322415951503,8.13019230570275
-10.625,14.375,s3: poly,3164.332606883341,-316.27923918213463,7.8888098899324754
-10.625,14.625,s3: poly,2721.0170503059385,-273.00986063767306,6.83642153508121
-10.625,14.875,s3: poly,2722.211078858316,-271.22197824965536,6.743199655951367
-10.625,15.125,s3: poly,2562.2305297811627,-254.80610087421587,6.321921560263248
-10.625,15.375,s3: poly,2357.1147329484074,-234.15724952446337,5.802804591658103
-10.625,15.625,s3: poly,2299.718093636283,-227.98564229860432,5.636913899814692
-10.625,15.875,s3: poly,2228.6953148431894,-219.57940734224934,5.393568988171346
-10.625,16.125,s3: poly,1809.988979160914,-179.4836462568095,4.439394048542948
-10.625,16.375,s3: poly,1531.8296043625653,-151.9797367557061,3.761969932352118
-10.625,16.625,s3: poly,1596.9757211252306,-157.73564811699734,3.885987562689167
-10.625,16.875,s3: poly,1301.5055270902196,-128.41031795444076,3.159795156767355
-10.625,17.125,s3: poly,1211.8248347458616,-119.33584693194659,2.9300773193534435
-10.625,17.375,s3: poly,943.653452568161,-93.30679781664611,2.301721269454362
-10.625,17.625,s3: poly,969.1461938775279,-95.0544594268642,2.3242876656285674
-10.625,17.875,s3: poly,768.6698658422067,-75.38594681783509,1.8441337790338295
-10.625,18.125,s3: poly,602.5726398040255,-59.50966079188992,1.4666967920161833
-10.625,18.375,s3: poly,624.009515877471,-61.30368696987579,1.502819529706646
-10.625,18.625,s3: poly,466.2517502434334,-45.86530094557711,1.1263431127588317
-10.625,18.875,s3: poly,398.40201476482906,-39.233004502114525,0.9647255952256146
-10.375,11.875,s3: poly,2376.9408545445476,-260.0763996984453,7.08738321949455
-10.375,12.125,s3: poly,2509.0853537143007,-270.09551879716923,7.251488538173517
-10.375,12.375,s3: poly,2592.397433179801,-276.5332461946955,7.359846643251287
-10.375,12.625,s3: poly,2736.2723578459327,-287.613345223524,7.548707539582375
-10.375,12.875,s3: poly,2927.036496700309,-303.342970924554,7.852712918192879
-10.375,13.125,s3: poly,2999.9400907898253,-308.3620648441175,7.915654340473605
-10.375,13.375,s3: poly,3357.5480484610894,-340.40212552337687,8.61819354785002
-10.375,13.625,s3: poly,2964.150801968802,-302.0587091617444,7.686773663583844
-10.375,13.875,s3: poly,3336.6981114272103,-334.88469848992844,8.390279459559933
-10.375,14.125,s3: poly,3294.5442022406637,-329.9815376620556,8.248752023158758
-10.375,14.375,s3: poly,3028.6451235490326,-303.924690869153,7.612324529364088
-10.375,14.625,s3: poly,2741.300894668608,-274.6494640578333,6.868205112071923
-10.375,14.875,s3: poly,2564.4134848227523,-256.07143827492627,6.381050217419217
-10.375,15.125,s3: poly,2570.772365230267,-256.2242703857871,6.371990580669942
-10.375,15.375,s3: poly,2512.703021383054,-248.58024545213075,6.133438550221042
-10.375,15.625,s3: poly,2167.798653543322,-215.56433851853618,5.347208275826504
-10.375,15.875,s3: poly,2098.9267466433466,-207.59203980730803,5.120203905865612
-10.375,16.125,s3: poly,2037.278001389098,-200.4910444053148,4.91894310079377
-10.375,16.375,s3: poly,1750.724707469286,-172.40715107495294,4.232849624675233
-10.375,16.625,s3: poly,1688.6511819784726,-166.27579790667653,4.082944597997013
-10.375,16.875,s3: poly,1440.9024724839019,-141.77948263852736,3.4792036600000285
-10.375,17.125,s3: poly,1216.677030011722,-119.53739093163672,2.92854189105003
-10.375,17.375,s3: poly,973.1952856515969,-95.7425934460324,2.349056587313227
-10.375,17.625,s3: poly,938.7765638874322,-92.14184241471044,2.2549311660284213
-10.375,17.875,s3: poly,727.3552823043724,-71.63285789764151,1.7598950694415805
-10.375,18.125,s3: poly,579.9680643235444,-57.17050323364997,1.406112303765557
-10.375,18.375,s3: poly,612.3519673181675,-60.17781533828144,1.4750285583349336
-10.375,18.625,s3: poly,518.932515040075,-50.81699783767773,1.2418326522327783
-10.375,18.875,s3: poly,400.5215322350185,-39.18084651089163,0.9563756371081822
-10.125,11.875,s3: poly,2161.367347648576,-237.4084405896023,6.493653268612779
-10.125,12.125,s3: poly,2301.3515391342753,-250.252178016995,6.780681096501126
-10.125,12.375,s3: poly,2603.137273449819,-276.4579469499475,7.328781635475132
-10.125,12.625,s3: poly,2838.752610531296,-296.5295336987322,7.736059483429988
-10.125,12.875,s3: poly,3201.034766022323,-328.92296849350475,8.443262458201126
-10.125,13.125,s3: poly,3209.2054465966203,-328.6165113214494,8.405234024626921
-10.125,13.375,s3: poly,3335.6021229820863,-338.52380904590086,8.579889992197094
-10.125,13.625,s3: poly,3250.399750858335,-328.27464449801914,8.277311227719098
-10.125,13.875,s3: poly,3157.2607953206925,-318.48442202411024,8.020630826777468
-10.125,14.125,s3: poly,3130.0967190704546,-313.4138776906392,7.832237744910355
-10.125,14.375,s3: poly,3036.541785333437,-304.1911371417819,7.6057609025601565
-10.125,14.625,s3: poly,2803.6048482036235,-281.05300949454863,7.03182214107826
-10.125,14.875,s3: poly,2628.4882254937456,-262.35308073604637,6.53432550567936
-10.125,15.125,s3: poly,2607.863338509797,-259.4495391672742,6.440021315856781
-10.125,15.375,s3: poly,2656.491711724338,-262.3219429807368,6.460740131789976
-10.125,15.625,s3: poly,2201.1274704025054,-217.97271754203743,5.383465045513649
-10.125,15.875,s3: poly,1878.3468749521317,-186.61190685258862,4.625379371867477
-10.125,16.125,s3: poly,1804.004985286529,-178.21489842859248,4.390708203892567
-10.125,16.375,s3: poly,1725.855851497886,-169.73055053394643,4.1613897988015305
-10.125,16.625,s3: poly,1328.7338490810841,-131.8367053392488,3.263782104947082
-10.125,16.875,s3: poly,1239.0431814048475,-121.9885865962283,2.995489319403171
-10.125,17.125,s3: poly,1144.1070919544277,-112.58407708346853,2.762925724104145
-10.125,17.375,s3: poly,1083.7570463237414,-106.52004558480856,2.6101174715199624
-10.125,17.625,s3: poly,906.3377990350606,-88.7968494693939,2.1689656915034106
-10.125,17.875,s3: poly,791.4901713739316,-77.39870870755391,1.8868720472596467
-10.125,18.125,s3: poly,669.0409119068818,-65.44190676266547,1.596258737916839
-10.125,18.375,s3: poly,570.8196402736688,-56.153227476253676,1.377533631995161
-10.125,18.625,s3: poly,482.85525044776074,-47.37471316396818,1.1597010763088311
-10.125,18.875,s3: poly,354.7698911947265,-35.14744516988666,0.8695782721462391
-10.125,19.125,s3: poly,232.21908216487418,-23.19581867989,0.5793080201024338
-9.875,11.875,s3: poly,2194.8046953225385,-240.09000312210162,6.544414441129965
-9.875,12.125,s3: poly,2612.0127106809728,-277.860381082662,7.378824146195072
-9.875,12.375,s3: poly,2837.3483088803123,-297.8024805588144,7.807800078130739
-9.875,12.625,s3: poly,2786.1879334802898,-291.6313820117188,7.623054133755479
-9.875,12.875,s3: poly,3074.2283197931024,-317.11025353614855,8.171840291533442
-9.875,13.125,s3: poly,3153.4729188363026,-323.2457539114137,8.27695149223738
-9.875,13.375,s3: poly,3313.126428739781,-336.1106524974728,8.514550032622456
-9.875,13.625,s3: poly,3207.4734043869444,-324.14810377322874,8.179153753387475
-9.875,13.875,s3: poly,3183.4403277444885,-319.90724777948367,8.025115341632322
-9.875,14.125,s3: poly,3174.6631783987045,-318.1803376889488,7.959436845810526
-9.875,14.375,s3: poly,2808.0928415257963,-282.2159713669716,7.080459110469654
-9.875,14.625,s3: poly,2610.875258249361,-261.855279759325,6.554853061022139
-9.875,14.875,s3: poly,2622.9588524765304,-262.0914538492668,6.535621961456138
-9.875,15.125,s3: poly,2544.473407251832,-253.3673263884866,6.294871933779606
-9.875,15.375,s3: poly,2434.782034933563,-241.128642090837,5.955908129344917
-9.875,15.625,s3: poly,2195.1613237280526,-217.40584598532544,5.370107437456596
-9.875,15.875,s3: poly,1873.8544592858223,-186.00831537990987,4.605963706401383
-9.875,16.125,s3: poly,1980.5757475246166,-194.67143663541486,4.769409956731549
-9.875,16.375,s3: poly,1617.0815014546567,-159.49876371449045,3.9230658788214092
-9.875,16.625,s3: poly,1334.9334967137245,-132.11561483621833,3.2618455898531282
-9.875,16.875,s3: poly,1504.6687780464558,-147.45623250289876,3.6026072769579858
-9.875,17.125,s3: poly,1167.741774700074,-114.6657913440593,2.8076206101091605
-9.875,17.375,s3: poly,1015.289446868436,-99.8650327376868,2.4492073949687754
-9.875,17.625,s3: poly,977.7717368879343,-95.35255409140692,2.3181717218935978
-9.875,17.875,s3: poly,764.2042520847045,-74.61949302514013,1.8162054872483633
-9.875,18.125,s3: poly,652.3920532379949,-63.841599689557114,1.5581257745678119
-9.875,18.375,s3: poly,589.8878870586791,-57.69164589417024,1.4068135125733523
-9.875,18.625,s3: poly,459.94089752667327,-45.21317167628267,1.1087472515541061
-9.875,18.875,s3: poly,381.4832605914588,-37.558133794614555,0.9229416521466725
-9.875,19.125,s3: poly,303.3238718126663,-29.99493413431922,0.7406976183872529
-9.875,19.375,s3: poly,221.0077074539234,-22.00960019020363,0.5481524209426937
-9.875,19.625,s3: poly,211.9051118435268,-20.988756003932448,0.5195760090851473
-9.625,11.625,s3: poly,2451.847739824083,-263.60810729001867,7.07543765457563
-9.625,11.875,s3: poly,2318.0449271333127,-250.94083882211856,6.776793769010499
-9.625,12.125,s3: poly,2688.9941542263987,-284.0424890905487,7.4942257336389115
-9.625,12.375,s3: poly,2594.7289615000464,-274.87693941871436,7.269651320604459
-9.625,12.625,s3: poly,2617.0301146509614,-275.3998203578878,7.237236921588692
-9.625,12.875,s3: poly,2994.152457624106,-309.3968495273067,7.986890252430805
-9.625,13.125,s3: poly,3094.733802097341,-316.59494002988856,8.090490514510822
-9.625,13.375,s3: poly,3252.9803721075245,-329.8530236833897,8.353742001425184
-9.625,13.625,s3: poly,3168.449238310109,-320.1803440540827,8.079632188439655
-9.625,13.875,s3: poly,3041.7363762103037,-306.58612485912073,7.7150933096502765
-9.625,14.125,s3: poly,2955.20426628412,-296.7758901287443,7.440174870054059
-9.625,14.375,s3: poly,3140.226302590327,-313.0433555770506,7.786428218809727
-9.625,14.625,s3: poly,2658.4491978586407,-265.5706133443413,6.620907770635788
-9.625,14.875,s3: poly,2808.373068788686,-278.99309895856885,6.9144991120689605
-9.625,15.375,s3: poly,2548.578666287078,-251.39467332226974,6.1833449086266485
-9.625,15.625,s3: poly,2254.4897618957075,-222.66725918304633,5.48386488394756
-9.625,15.875,s3: poly,1934.8149032729598,-191.33776660639512,4.719371067403313
-9.625,16.125,s3: poly,1980.3995899365389,-194.32661235251527,4.752389191091815
-9.625,16.375,s3: poly,1661.1718049010944,-163.62749300286646,4.018854742032717
-9.625,16.625,s3: poly,1468.4207950655061,-144.2239775759008,3.532400972195597
-9.625,16.875,s3: poly,1246.6140258968,-122.6413834728736,3.0090905273540787
-9.625,17.125,s3: poly,1165.735703973352,-114.31942491104513,2.7953900418264603
-9.625,17.375,s3: poly,1090.08786466322,-106.50524517540121,2.5938360612085476
-9.625,17.625,s3: poly,1028.1539482590638,-100.13954488090647,2.430305305239232
-9.625,17.875,s3: poly,742.1717756480343,-72.48227453552292,1.7647851310782336
-9.625,18.125,s3: poly,656.6932649290683,-64.33502429254021,1.5715666150360417
-9.625,18.375,s3: poly,564.2716817927331,-55.29521654442041,1.3513058045523862
-9.625,18.625,s3: poly,420.09454502787105,-41.40644482868072,1.0184248980555561
-9.625,18.875,s3: poly,382.90165550957227,-37.61194111924243,0.9217769631051976
-9.625,19.125,s3: poly,302.2840749823004,-29.60594168827144,0.7239418182043759
-9.625,19.375,s3: poly,226.57569253201652,-22.51910988570188,0.5593204308212613
-9.625,19.625,s3: poly,199.01438676990045,-19.620226776716454,0.48356819167204645
-9.625,19.875,s3: poly,147.07139975296235,-14.728652976383867,0.36957390597442635
-9.375,11.625,s3: poly,2103.4706489892887,-229.4986891373929,6.242097935804266
-9.375,11.875,s3: poly,2101.4085439213254,-229.0286814518304,6.221667906471923
-9.375,12.125,s3: poly,2449.3833193604314,-260.9892971504626,6.943143998014929
-9.375,12.375,s3: poly,2669.705853385491,-281.56911720924876,7.416859233892163
-9.375,12.625,s3: poly,2966.351034795299,-307.5156962513143,7.96591756274848
-9.375,13.125,s3: poly,3103.4637340046156,-317.0180760849932,8.09041170225234
-9.375,13.375,s3: poly,3286.0852610158295,-332.7784931954059,8.416258316289689
-9.375,13.625,s3: poly,3344.9072726088684,-336.32816599391117,8.443273049790092
-9.375,13.875,s3: poly,3150.2404246378583,-316.3215559537789,7.928485433627788
-9.375,14.125,s3: poly,2931.1102312980192,-293.8865887265503,7.354858212958098
-9.375,14.375,s3: poly,2922.660230337983,-291.45550367621917,7.253869761629349
-9.375,14.625,s3: poly,2858.7148176940527,-283.95180057060094,7.036394932122606
-9.375,14.875,s3: poly,2834.4974672714775,-280.44028536581146,6.9205372977953
-9.375,15.125,s3: poly,2676.5544117173667,-264.2152811012414,6.504975187183501
-9.375,15.375,s3: poly,2362.149840131042,-234.01523723525418,5.782545956685908
-9.375,15.625,s3: poly,2126.2673993448043,-210.72532420722692,5.209514239906564
-9.375,15.875,s3: poly,2006.9895505142704,-198.3812128872693,4.890514879404528
-9.375,16.125,s3: poly,1726.3575656328378,-170.08097319587375,4.178276088910416
-9.375,16.375,s3: poly,1585.5658937574976,-156.42875217310217,3.8480678739034664
-9.375,16.625,s3: poly,1583.249105106055,-154.98962774971204,3.7819731878384473
-9.375,16.875,s3: poly,1276.7423822589435,-125.38080824001523,3.0703778972308475
-9.375,17.125,s3: poly,1299.6344765785907,-126.8583646843857,3.086032969679307
-9.375,17.375,s3: poly,1012.347757068995,-99.02392864902653,2.414623279442819
-9.375,17.625,s3: poly,1007.5497996904211,-98.14348573036641,2.381788415456418
-9.375,17.875,s3: poly,734.7345804802848,-71.84857647769623,1.7512038433634767
-9.375,18.125,s3: poly,635.3246976477046,-61.87824593066782,1.5020321220025616
-9.375,18.375,s3: poly,541.9778746680995,-53.03792604905397,1.2941853627858608
-9.375,18.625,s3: poly,440.1168774161851,-43.109885936199845,1.0531793396042068
-9.375,18.875,s3: poly,294.23096902337613,-29.18208665366452,0.7228268352879884
-9.375,19.125,s3: poly,317.1412539962402,-31.119371831815492,0.7620621739068737
-9.375,19.375,s3: poly,208.4738981020872,-20.90115092886851,0.5238418272100989
-9.375,19.625,s3: poly,176.20487882953142,-17.52593410793176,0.43635482121526153
-9.375,19.875,s3: poly,151.67898447912174,-15.055661225258879,0.37452770611921826
-9.125,11.875,s3: poly,2414.4200232756884,-257.2530728852449,6.844823392156023
-9.125,12.125,s3: poly,2691.2415173885533,-284.00254978712195,7.485951432442221
-9.125,12.375,s3: poly,2734.687832490141,-287.9013391922132,7.5694188598306855
-9.125,12.625,s3: poly,3027.992153024271,-313.8858519186651,8.130308155946516
-9.125,12.875,s3: poly,3399.8217855076637,-346.3876623248912,8.817084667550702
-9.125,13.125,s3: poly,3402.1069762473217,-343.8526814453062,8.680058568452917
-9.125,13.375,s3: poly,3326.6659982738347,-335.6110040387693,8.456349361070698
-9.125,13.625,s3: poly,3253.8138397407674,-327.5422840677695,8.232355499783559
-9.125,13.875,s3: poly,3267.9321992571213,-327.0434916113222,8.169135964101342
-9.125,14.125,s3: poly,3093.6778859277815,-308.621657726196,7.683756845782677
-9.125,14.375,s3: poly,2860.528271228356,-285.5145300443108,7.11195114954583
-9.125,14.625,s3: poly,2927.7754172662494,-290.72280594321444,7.2022833048885015
-9.125,14.875,s3: poly,2646.52489474746,-262.9970420363597,6.519560654582569
-9.125,15.125,s3: poly,2499.724917716934,-247.63073539156622,6.119010430758113
-9.125,15.375,s3: poly,2473.382128659106,-243.83473021095523,5.993251048541088
-9.125,15.625,s3: poly,2365.0991832277923,-232.73094115437868,5.7089470674180856
-9.125,15.875,s3: poly,1948.8577427620457,-192.28105706337038,4.730575644598
-9.125,16.125,s3: poly,1766.94342215866,-173.78566748586525,4.2611930828573215
-9.125,16.375,s3: poly,1661.3691183912072,-163.54298894596457,4.013877056680844
-9.125,16.625,s3: poly,1744.3463642852016,-170.59007108679103,4.15780700741601
-9.125,16.875,s3: poly,1351.6568204989783,-132.596931003597,3.24204415376556
-9.125,17.125,s3: poly,1128.6802096371066,-110.89442300213878,2.716535810703905
-9.125,17.375,s3: poly,1131.8680646685084,-110.37318942137543,2.6817095784162195
-9.125,17.625,s3: poly,1069.3145339072385,-103.88068736783116,2.51377714197736
-9.125,17.875,s3: poly,804.001779483301,-78.30439145563284,1.9000528023154482
-9.125,18.125,s3: poly,678.7007870892036,-66.0494479412909,1.6017120677046868
-9.125,18.375,s3: poly,558.5162579369158,-54.6187482370896,1.3319293293685717
-9.125,18.625,s3: poly,439.11660235846176,-43.12835006394958,1.0568210847448218
-9.125,18.875,s3: poly,290.52093837293023,-28.819578961091164,0.7140671278362398
-9.125,19.125,s3: poly,250.6445456520869,-24.847370428000076,0.6154109074309069
-9.125,19.375,s3: poly,231.86434841126615,-22.75373567657594,0.5580633541350777
-9.125,19.625,s3: poly,200.79264420085704,-19.800191549600346,0.4879998139954725
-9.125,19.875,s3: poly,145.34409025349657,-14.302625997628937,0.35237450491798616
-8.875,11.875,s3: poly,2454.9980335022938,-260.3612693804846,6.896553798788038
-8.875,12.125,s3: poly,2770.3725744233766,-290.227656978269,7.5986194560472535
-8.875,12.375,s3: poly,2705.2587131587243,-284.44780930767405,7.471334190282731
-8.875,12.625,s3: poly,2568.1646119063935,-269.3092399391507,7.053388023422455
-8.875,12.875,s3: poly,3205.8492561814655,-327.1537487117452,8.341006484832768
-8.875,13.125,s3: poly,3344.7674479047932,-338.8363483568952,8.573748184431858
-8.875,13.375,s3: poly,3090.1708035007678,-313.9460297034063,7.966711016945344
-8.875,13.625,s3: poly,3166.2220026422274,-319.13063264586503,8.030730827308544
-8.875,13.875,s3: poly,3288.275789803786,-328.73821811540006,8.202097813297378
-8.875,14.125,s3: poly,2903.6522576754273,-291.07148104632694,7.282766638151339
-8.875,14.375,s3: poly,2871.8344316695625,-286.62460139194684,7.138740588082342
-8.875,14.625,s3: poly,2784.239361740753,-276.5865778805296,6.855586436107929
-8.875,14.875,s3: poly,2743.0175477411885,-271.0528329292261,6.68075621300515
-8.875,15.125,s3: poly,2457.902619769559,-242.9776820418714,5.990899604306132
-8.875,15.375,s3: poly,2435.056139679806,-240.11804142012699,5.903314107090493
-8.875,15.625,s3: poly,2266.8156575336,-223.33786004120472,5.4865236829966015
-8.875,15.875,s3: poly,1934.9706344078556,-190.94735296585827,4.698844016212702
-8.875,16.125,s3: poly,1836.8994067946007,-180.55933222799763,4.424263837387565
-8.875,16.375,s3: poly,1630.0468632650118,-160.29491952384222,3.930075555302576
-8.875,16.625,s3: poly,1492.533564178923,-146.9257849209992,3.6061883712274505
-8.875,16.875,s3: poly,1329.2119691312232,-130.64921538950594,3.2015236562798832
-8.875,17.125,s3: poly,1147.1059865834027,-112.36662567882216,2.7440754994487695
-8.875,17.375,s3: poly,995.0601483130262,-97.19857311391938,2.3664215849196153
-8.875,17.625,s3: poly,973.3355189591364,-94.66093625356153,2.2939297900829403
-8.875,17.875,s3: poly,774.5203010240102,-75.3906800508434,1.8288165280383744
-8.875,18.125,s3: poly,645.2354439938706,-63.09331923396976,1.5382571297874894
-8.875,18.375,s3: poly,600.5034684973489,-58.57244327945983,1.4240205223746407
-8.875,18.625,s3: poly,449.68483211940145,-44.06565631762803,1.0769872468368282
-8.875,18.875,s3: poly,343.91506008852866,-33.749108219077044,0.8261358301475594
-8.875,19.125,s3: poly,270.8525313071537,-26.67051624480969,0.6553915645787696
-8.625,12.125,s3: poly,2767.419169268088,-289.4726426073385,7.566705647978596
-8.625,12.625,s3: poly,2722.5020671368616,-282.7124360139877,7.334709832459417
-8.625,12.875,s3: poly,2854.092537426774,-293.8734431322205,7.560249365667917
-8.625,13.125,s3: poly,3266.433756598102,-330.7909704808443,8.367124280129962
-8.625,13.375,s3: poly,3129.546361371657,-316.5847391441422,7.999310707566349
-8.625,13.625,s3: poly,3298.3236654615725,-330.6678531166594,8.27512562069347
-8.625,13.875,s3: poly,3044.173855135915,-304.6872312117102,7.611919429825375
-8.625,14.125,s3: poly,3016.551803720417,-301.19251080004517,7.505302391010794
-8.625,14.375,s3: poly,3016.5437989370826,-299.81202610859145,7.434824960000859
-8.625,14.625,s3: poly,2782.4210787149173,-276.00252897416834,6.830206105739293
-8.625,14.875,s3: poly,2745.8413274191507,-271.1510079982123,6.677693898315158
-8.625,15.125,s3: poly,2563.921934902903,-252.9896634537279,6.225816620165481
-8.625,15.375,s3: poly,2375.1710126440316,-234.1306729283838,5.7555464246264165
-8.625,15.625,s3: poly,2165.7236983835064,-213.83521541130742,5.265741961393522
-8.625,15.875,s3: poly,1963.3110679699453,-193.316138386834,4.746341791214436
-8.625,16.125,s3: poly,1788.7924502995238,-175.87573633406305,4.31085379967413
-8.625,16.375,s3: poly,1831.586965191549,-179.5162951104478,4.385875734076036
-8.625,16.625,s3: poly,1667.4441263546482,-163.13920175401577,3.977396036989919
-8.625,16.875,s3: poly,1386.6809594082947,-135.86895515064361,3.3177599111229035
-8.625,17.125,s3: poly,1232.2087761659038,-120.58140153655707,2.9409998044217094
-8.625,17.375,s3: poly,1102.285676563166,-107.39086278967935,2.607053562341244
-8.625,17.625,s3: poly,1019.6795368504576,-99.1342098702381,2.4010135985273102
-8.625,17.875,s3: poly,677.277882786039,-66.2190226613603,1.6141659879596841
-8.625,18.125,s3: poly,664.1826938986981,-64.87199145843324,1.5793506444338061
-8.625,18.375,s3: poly,535.7807375001668,-52.293494151010435,1.2723210676400745
-8.625,18.625,s3: poly,325.8284929921428,-32.29669957401287,0.7993229453037898
-8.625,18.875,s3: poly,238.72184873681002,-23.7831998502541,0.5920210894386709
-8.375,12.375,s3: poly,2726.052233598161,-283.56692525881755,7.371552105800819
-8.375,12.625,s3: poly,2499.800425847064,-261.35370465589966,6.825760040338975
-8.375,12.875,s3: poly,2964.030123498824,-302.63937007722785,7.721531225836309
-8.375,13.125,s3: poly,3148.484060444479,-318.3990530026154,8.043349929392928
-8.375,13.375,s3: poly,3255.007012641972,-327.486148051024,8.227981280534895
-8.375,13.625,s3: poly,3459.5938197042124,-345.64384670645694,8.620640070512543
-8.375,13.875,s3: poly,3402.7170281719,-338.2632976453172,8.391451330550879
-8.375,14.125,s3: poly,3415.714280566858,-339.0776670125038,8.39801363165661
-8.375,14.375,s3: poly,2995.6789522411823,-298.1469569783454,7.403458730411195
-8.375,14.625,s3: poly,2826.237957112884,-280.4582602444257,6.94310961299006
-8.375,14.875,s3: poly,2640.820948809081,-261.66128369594213,6.467036408585622
-8.375,15.125,s3: poly,2517.2936667505583,-247.96480143442017,6.090642003414825
-8.375,15.375,s3: poly,2441.6077231580184,-240.0434830162884,5.883622867116616
-8.375,15.625,s3: poly,2151.0190212295925,-211.77405909952884,5.19838045434628
-8.375,15.875,s3: poly,2000.6784783306464,-196.92733440826353,4.83411525217807
-8.375,16.125,s3: poly,2048.7106691192266,-200.24953447195568,4.877619117041936
-8.375,16.375,s3: poly,1779.8068410944327,-174.48760924600205,4.2645118234918815
-8.375,16.625,s3: poly,1668.8048756347303,-163.08160647888025,3.9720087292142594
-8.375,16.875,s3: poly,1435.4735193243625,-140.37352877163354,3.421322496092939
-8.375,17.125,s3: poly,1247.1183923663016,-121.92388286794254,2.9708747905074606
-8.375,17.375,s3: poly,1080.4753000271276,-105.17531480452939,2.5509141800989052
-8.375,17.625,s3: poly,1002.235187031911,-97.30730149401936,2.353865206680214
-8.375,17.875,s3: poly,760.040931691235,-74.27134307212701,1.809526338908608
-8.375,18.125,s3: poly,646.7215782937872,-63.37291085553444,1.5481512053497797
-8.375,18.375,s3: poly,449.69837031841655,-44.16964016014793,1.0822503886603614
-8.375,18.625,s3: poly,426.5085195883274,-41.669587052277826,1.015120700288602
-8.125,13.125,s3: poly,3073.5912902385585,-310.9504020539676,7.8585390939765665
-8.125,13.375,s3: poly,3087.2433971249293,-311.8943750961615,7.869592228619116
-8.125,13.625,s3: poly,3031.995961749753,-304.6459058474198,7.642957676787682
-8.125,13.875,s3: poly,3206.649732833111,-319.52017485592,7.9455067600975555
-8.125,14.125,s3: poly,3107.1273863412544,-308.8336201514451,7.6591598878596265
-8.125,14.375,s3: poly,2844.974973719665,-283.0633733611845,7.027082311529838
-8.125,14.625,s3: poly,2655.5142721183774,-264.0520448253158,6.550975424226703
-8.125,14.875,s3: poly,2702.8887616296524,-267.25524892346164,6.5906846392606075
-8.125,15.125,s3: poly,2742.844389179166,-269.687291507504,6.611347037734736
-8.125,15.375,s3: poly,2626.5339361459783,-257.56416992436885,6.2957933457175805
-8.125,15.625,s3: poly,2496.0081104025276,-244.45547380623225,5.966799238479743
-8.125,15.875,s3: poly,2170.640921533307,-212.71193217827883,5.196209379670046
-8.125,16.125,s3: poly,2072.9978593121523,-202.76839329823747,4.942041465930184
-8.125,16.375,s3: poly,1766.7208944443164,-173.0735237915821,4.226162509503888
-8.125,16.625,s3: poly,1642.1015460044277,-160.71650320595458,3.9205718563633214
-8.125,16.875,s3: poly,1536.7952467082753,-150.02415225392582,3.6488814561952556
-8.125,17.125,s3: poly,1255.234033409777,-122.57687144513872,2.9829624427794705
-8.125,17.375,s3: poly,1047.4291491281463,-101.86651500487297,2.4680948575483765
-8.125,17.625,s3: poly,821.2106987680779,-80.45590070274083,1.9650334666410738
-8.125,17.875,s3: poly,769.6122315415772,-75.04323759609812,1.8237392357084627
-8.125,18.125,s3: poly,589.1893925267788,-57.81395926535525,1.4147629621761963
-8.125,18.375,s3: poly,590.6266853810055,-57.56780330788591,1.3985096168910691
-8.125,18.625,s3: poly,466.3848124652805,-45.21615501791316,1.0919857101699257
-7.875,10.125,s3: poly,1532.7778482558067,-177.1470356843387,5.088541163276841
-7.875,10.375,s3: poly,1798.9123388458179,-200.71817595487076,5.591489542064484
-7.875,10.625,s3: poly,1962.3314938243307,-215.84586600809166,5.9259031945728955
-7.875,10.875,s3: poly,2210.6128908696464,-238.309528313793,6.422466192006656
-7.875,11.125,s3: poly,2054.027469661391,-222.50552169597148,6.022338686828467
-7.875,11.375,s3: poly,2479.537404915922,-261.6507260961991,6.906527342460565
-7.875,11.625,s3: poly,2470.891828683708,-260.18323591377595,6.850616703385236
-7.875,11.875,s3: poly,2380.1727642260043,-251.60159615890788,6.645922393847318
-7.875,12.125,s3: poly,2564.242599448587,-268.0832674524033,7.004668296432001
-7.875,13.625,s3: poly,3373.1356197422892,-336.3100985193763,8.36888863806039
-7.875,13.875,s3: poly,2936.2588178556966,-293.42597866659514,7.318940470546033
-7.875,14.125,s3: poly,3431.9182896512148,-339.1399381987743,8.359192833923906
-7.875,14.375,s3: poly,2950.9771389116972,-292.9684538381896,7.2569376291392045
-7.875,14.625,s3: poly,2964.220497272022,-292.6805987240484,7.207014518214227
-7.875,14.875,s3: poly,2763.465526974947,-272.08162764114456,6.679071268975559
-7.875,15.125,s3: poly,2576.126548779153,-253.91675095823933,6.240889969194961
-7.875,15.375,s3: poly,2367.940189853575,-233.16326444103598,5.725080095365824
-7.875,15.625,s3: poly,2556.7501273095354,-249.69287765781314,6.0767006034477555
-7.875,15.875,s3: poly,2285.3654610148146,-223.26503890506802,5.434476158768846
-7.875,16.125,s3: poly,2112.143843407531,-206.53438026845154,5.033115532482599
-7.875,16.375,s3: poly,1911.0714625240857,-186.41153592144497,4.530121584051809
-7.875,16.625,s3: poly,1784.2762130928388,-174.26367596826506,4.240872102152439
-7.875,16.875,s3: poly,1512.2888650299649,-147.58865196236346,3.5888410251337186
-7.875,17.125,s3: poly,1181.9864418739683,-115.71623835393073,2.8233255655897023
-7.875,17.375,s3: poly,939.4315824535504,-91.85446496416485,2.238752500141523
-7.875,17.625,s3: poly,796.8033187139466,-78.06775772277666,1.9069595243896271
-7.875,17.875,s3: poly,692.6620195616239,-67.87905286131232,1.658427215564478
-7.625,9.875,s3: poly,1187.5074421990766,-145.24100643739894,4.363092695115786
-7.625,10.125,s3: poly,1268.2811261718475,-151.29604775872033,4.461138387708778
-7.625,10.375,s3: poly,1802.9887475176884,-199.9612408316971,5.536477997964071
-7.625,10.625,s3: poly,2271.6554125889047,-244.21608801746254,6.5701739875023994
-7.625,10.875,s3: poly,2224.212388643312,-239.02952628669195,6.422937895159812
-7.625,11.125,s3: poly,2161.7613780407646,-232.38902652691908,6.245266582236036
-7.625,11.375,s3: poly,2353.4826226623154,-250.1275089131238,6.645357366989749
-7.625,11.625,s3: poly,2521.755071227147,-264.9691636942693,6.962278087428726
-7.625,11.875,s3: poly,2460.1509309898147,-258.21313340188743,6.7749310803078995
-7.625,12.125,s3: poly,2494.7271685922965,-260.61723656191,6.805135755731877
-7.625,13.625,s3: poly,3028.5158654083034,-303.14912456899435,7.575632601667852
-7.625,13.875,s3: poly,3063.1569714498996,-305.3180934989486,7.594618430467219
-7.625,14.125,s3: poly,3001.0336902119416,-298.132976571842,7.389534735233333
-7.625,14.375,s3: poly,2934.950641879237,-290.3838398180342,7.166377492717812
-7.625,14.625,s3: poly,2928.531987276994,-288.8642613019679,7.105329351401071
-7.625,14.875,s3: poly,2802.4123936907304,-275.42634863715534,6.748816193453988
-7.625,15.125,s3: poly,2580.074849138466,-253.607163327408,6.21456612246949
-7.625,15.375,s3: poly,2574.287869489712,-251.84410873070516,6.139296898427061
-7.625,15.625,s3: poly,2357.514915116222,-230.76379884811723,5.629302620505973
-7.625,15.875,s3: poly,2341.4834397062546,-228.84543272058076,5.573277973264606
-7.625,16.125,s3: poly,2201.8662084093926,-214.96022130160745,5.227644987983032
-7.625,16.375,s3: poly,2077.4965893463423,-202.72787533099702,4.9289151263473485
-7.625,16.625,s3: poly,1583.3696489263623,-154.81998305132245,3.7723497276457048
-7.625,16.875,s3: poly,1428.7063907713962,-139.4816734995764,3.3929954186666245
-7.625,17.125,s3: poly,1204.331482223264,-117.7153791644361,2.8678990144693506
-7.625,17.375,s3: poly,1080.4138036310494,-105.390910230624,2.562241411164807
-7.625,17.625,s3: poly,868.6981949807032,-84.9014258388078,2.0684936669815017
-7.625,17.875,s3: poly,704.9409243898006,-68.8188447100256,1.6745315761378268
-7.375,9.625,s3: poly,708.1505839124446,-97.88801372539336,3.211554076279521
-7.375,9.875,s3: poly,793.0339565594838,-106.79713650690353,3.434828017128032
-7.375,10.125,s3: poly,1526.6312715195716,-175.00287477773733,4.992819777761765
-7.375,10.375,s3: poly,1695.6369694237405,-190.74522028336096,5.349884417625678
-7.375,10.625,s3: poly,2527.0990769481373,-267.5753376391152,7.0956969506330125
-7.375,10.875,s3: poly,2503.4887109299075,-265.0082509519377,7.023341326990075
-7.375,11.125,s3: poly,2513.400477443148,-265.4306990900626,7.013246764199773
-7.375,11.375,s3: poly,2567.2343784839513,-269.27422506142926,7.067001486542193
-7.375,11.625,s3: poly,2692.2528544078796,-280.4964605837364,7.308683114355624
-7.375,11.875,s3: poly,2393.8746380945818,-251.48724576463238,6.604680591960171
-7.375,12.125,s3: poly,2421.4479045871985,-253.48769670348153,6.632803040531894
-7.375,12.375,s3: poly,2844.4838156232586,-291.62501447810484,7.473865623288893
-7.375,13.625,s3: poly,3000.30330013599,-299.75459595395347,7.476313994950539
-7.375,13.875,s3: poly,2936.2079084232023,-293.3261382656492,7.313615406367578
-7.375,14.125,s3: poly,2724.214346918772,-271.59565083695486,6.757617314190764
-7.375,14.375,s3: poly,2861.3757831443922,-283.31985733168904,6.997680414734432
-7.375,14.625,s3: poly,2840.310066119292,-280.5369586737882,6.910626213475321
-7.375,14.875,s3: poly,2843.6765515400875,-279.99700555505285,6.873706711371194
-7.375,15.125,s3: poly,2713.6443713836334,-265.99380973367045,6.4991074476565345
-7.375,15.375,s3: poly,2564.9860263488677,-251.34511971983815,6.138393188591576
-7.375,15.625,s3: poly,2375.2216865123137,-232.66119364671445,5.679763459094735
-7.375,15.875,s3: poly,2201.0375978581674,-215.47782551196315,5.257011685385903
-7.375,16.125,s3: poly,2194.080084742089,-214.25234800818762,5.211953870123623
-7.375,16.375,s3: poly,2006.0323693663927,-195.84040236833334,4.7637491853355645
-7.375,16.875,s3: poly,1438.5179989847643,-140.57035710140863,3.4230253669760313
-7.375,17.125,s3: poly,1336.8429584020519,-130.27671210593317,3.163305409286551
-7.375,17.375,s3: poly,1006.643478765697,-98.2855713373561,2.3914099379276146
-7.125,9.875,s3: poly,1338.3816020420884,-156.32037431386908,4.541409467713555
-7.125,10.125,s3: poly,1471.1959393139464,-167.91924566296728,4.777946805108412
-7.125,10.375,s3: poly,1649.497717434448,-184.8941795188192,5.1724067591661225
-7.125,10.625,s3: poly,1983.327400191359,-214.80397490325726,5.81741851206293
-7.125,10.875,s3: poly,2302.1955692445354,-244.93588533952112,6.524404761149423
-7.125,11.125,s3: poly,2363.635471800897,-251.1588830215835,6.676674398048676
-7.125,11.375,s3: poly,2378.9901936311994,-251.47693487225746,6.649932889112986
-7.125,11.625,s3: poly,2298.249902925331,-243.26753223675505,6.438289366233332
-7.125,11.875,s3: poly,2549.916985993923,-265.5054819131322,6.912690203319919
-7.125,12.125,s3: poly,2600.3049122745133,-269.88726260073395,7.004423726192354
-7.125,12.375,s3: poly,2740.670979927483,-281.58632654787806,7.2328219939632294
-7.125,12.625,s3: poly,2806.5543331791473,-286.39492934513567,7.3054927712205755
-7.125,13.625,s3: poly,3155.981871997836,-314.0948784018987,7.801574187596459
-7.125,13.875,s3: poly,2883.7071932042086,-287.0856479353569,7.132357495863261
-7.125,14.125,s3: poly,3065.305503501674,-303.0449154720614,7.473466150972341
-7.125,14.375,s3: poly,2962.6619099500313,-292.5911292049713,7.207440026420645
-7.125,14.625,s3: poly,3006.4701899386714,-295.7032534920207,7.252425256644181
-7.125,14.875,s3: poly,2808.1435239841985,-275.95226639627947,6.760196687205993
-7.125,15.125,s3: poly,2624.725954465211,-257.80952239073326,6.313232209923174
-7.125,15.375,s3: poly,2535.4711226407917,-248.2507519198289,6.057101024035875
-7.125,15.625,s3: poly,2382.8868974796537,-233.1379185948213,5.68439659913936
-7.125,15.875,s3: poly,2220.013021974381,-216.8665498837382,5.279153786856494
-7.125,16.125,s3: poly,1825.7230020688007,-179.17585863593607,4.382984993975076
-7.125,16.375,s3: poly,1897.6755117167465,-185.1565715854221,4.501326568535918
-7.125,16.875,s3: poly,1289.0188397654508,-126.35305216731746,3.087654814677429
-7.125,17.125,s3: poly,1178.5932004581523,-115.14511103475813,2.803643036141018
-7.125,17.375,s3: poly,1027.7332331662476,-100.12699728340849,2.430699648032323
-6.875,9.625,s3: poly,801.6602384776113,-103.28921810457632,3.241902188820964
-6.875,9.875,s3: poly,1015.5976545774811,-124.46329450585965,3.7583036966890138
-6.875,10.125,s3: poly,1435.513139567273,-163.3352090289172,4.6400881742523605
-6.875,10.375,s3: poly,1787.561834433692,-196.85634035502704,5.423677274703021
-6.875,10.625,s3: poly,1759.579213945913,-194.24905055514168,5.356837519821696
-6.875,10.875,s3: poly,2043.5201560321389,-220.75928819598806,5.963344769193583
-6.875,11.125,s3: poly,2244.3182622610825,-239.41123038615294,6.384959511546047
-6.875,11.375,s3: poly,2268.074522820785,-241.12546539346206,6.410573010367852
-6.875,11.625,s3: poly,2372.442766348487,-249.89770602797861,6.58472229943971
-6.875,11.875,s3: poly,2159.6791680128877,-228.90629622877927,6.0631626480842575
-6.875,12.125,s3: poly,2426.432985585926,-252.82989377877664,6.586557120143189
-6.875,12.375,s3: poly,2545.185780827268,-262.3825778351696,6.761081770724349
-6.875,12.625,s3: poly,2604.2677135771046,-267.00632980612943,6.842192475850285
-6.875,13.875,s3: poly,3360.8305247774533,-331.2980207219736,8.145381588193027
-6.875,14.125,s3: poly,3268.023779447591,-322.27709544228765,7.926362134674528
-6.875,14.375,s3: poly,2832.8876842757527,-279.80268053956934,6.893459278685464
-6.875,14.625,s3: poly,2874.952924374013,-283.123153753011,6.952583766681877
-6.875,14.875,s3: poly,3022.6444298388733,-296.5848620070653,7.2539430181532465
-6.875,15.125,s3: poly,2657.117915026599,-260.5999970001721,6.369989132337301
-6.875,15.375,s3: poly,2528.306304029837,-247.9802875561762,6.061798748200848
-6.875,15.625,s3: poly,2296.5446669154007,-224.97459481664612,5.492505031638562
-6.875,15.875,s3: poly,2258.596031492585,-220.76718072496425,5.377649591769199
-6.875,16.125,s3: poly,1883.0242669628478,-184.20774565941042,4.490237170496894
-6.875,16.375,s3: poly,1722.71319235369,-168.39502784276735,4.102423228854768
-6.875,17.125,s3: poly,1143.0151947981028,-111.56139398937034,2.7131424166216385
-6.875,17.375,s3: poly,1102.785197012274,-107.25519818455956,2.5989284331980445
-6.625,9.375,s3: poly,445.8062162957179,-67.11298099695897,2.3292805088447026
-6.625,9.625,s3: poly,815.6177583269446,-103.2508083647224,3.2051048621597302
-6.625,9.875,s3: poly,1066.7667481869616,-127.47056496407814,3.7771116578523167
-6.625,10.125,s3: poly,1216.5969110430838,-141.653959388424,4.1017829705463065
-6.625,10.375,s3: poly,1673.633156855593,-185.31609362802743,5.1317021165420895
-6.625,10.625,s3: poly,1667.6959941025239,-185.62039311790687,5.155281321486652
-6.625,10.875,s3: poly,1701.4383909731541,-188.80158682446768,5.223666403647039
-6.625,11.125,s3: poly,2046.712011725064,-220.21367695363284,5.922508260101867
-6.625,11.375,s3: poly,2390.482621658393,-252.38989962617896,6.663356387008482
-6.625,11.625,s3: poly,2118.6561162010994,-225.67130792620435,6.007629972856213
-6.625,11.875,s3: poly,2482.0593827088833,-258.95848008585335,6.755570947148853
-6.625,12.125,s3: poly,2323.8146706975303,-242.8013102556624,6.343351434780189
-6.625,12.375,s3: poly,2528.594846625013,-260.99891766729905,6.735413686611804
-6.625,12.625,s3: poly,2783.155471065975,-283.2403892409474,7.205338583506547
-6.625,14.875,s3: poly,2690.337393778716,-264.64204183084576,6.490179205503821
-6.625,15.125,s3: poly,2634.6245407612955,-258.77805255201156,6.336175425541338
-6.625,15.375,s3: poly,2511.5330169404524,-246.51788660222132,6.031203582847466
-6.625,15.625,s3: poly,2343.272980238782,-229.13990053666942,5.583356869007349
-6.625,15.875,s3: poly,2050.3213730542507,-200.7624866440242,4.89995753557525
-6.375,9.375,s3: poly,295.7907607864168,-52.19900957684152,1.9613471522939177
-6.375,9.625,s3: poly,544.5121854410579,-76.45933156097291,2.5394888064918955
-6.375,9.875,s3: poly,1046.4434184799268,-124.72158588392318,3.6880877955647016
-6.375,10.125,s3: poly,1252.1860800652992,-145.01318665585794,4.17711741891848
-6.375,10.375,s3: poly,1342.3496499583127,-154.29881373817642,4.412135323997255
-6.375,10.625,s3: poly,1704.9635286447583,-188.41641145995501,5.201506790552636
-6.375,10.875,s3: poly,1902.3756974078374,-207.62142216595055,5.660741589144012
-6.375,11.125,s3: poly,1874.1804972928567,-204.8665886102962,5.58886860152757
-6.375,11.375,s3: poly,2256.8900196526793,-239.49770338029728,6.35904971352836
-6.375,11.625,s3: poly,2133.234606602373,-226.86511345302463,6.033340294782109
-6.375,11.875,s3: poly,2239.607322853407,-235.98194790456935,6.215826289167576
-6.375,12.125,s3: poly,2444.142240122308,-254.46714365088164,6.623235450608248
-6.375,12.375,s3: poly,2620.679563297747,-269.514608653235,6.929619306926806
-6.375,12.625,s3: poly,3045.3647088203156,-308.1471879028137,7.791058223958766
-6.375,12.875,s3: poly,3000.225345811146,-301.81177516223215,7.584746549923762
-6.375,13.125,s3: poly,3126.5064733808904,-312.6432857446602,7.80623961700327
-6.375,14.875,s3: poly,2982.862233712344,-292.2490150763353,7.136882740189323
-6.375,15.125,s3: poly,2784.5823835681977,-272.62990702190467,6.652275819207314
-6.375,15.375,s3: poly,2377.6075883020326,-233.54328715874303,5.719485191942428
-6.375,15.625,s3: poly,2126.789539621366,-208.50912369261454,5.096160192388634
-6.375,15.875,s3: poly,2083.716262486812,-203.32811655549992,4.9441855302473074
-6.375,16.125,s3: poly,1872.9307534551406,-182.92168846018868,4.452049369942072
-6.125,10.125,s3: poly,1058.4976387225379,-125.46205433726503,3.689360956799307
-6.125,10.375,s3: poly,1285.0189464174805,-148.26246442047506,4.2529116682596015
-6.125,10.625,s3: poly,1663.8111128141015,-184.89789507192742,5.128884482595871
-6.125,10.875,s3: poly,1732.3101919830538,-192.3221426513967,5.322172893509437
-6.125,11.125,s3: poly,1790.1242010928231,-197.30871684687725,5.426849197466487
-6.125,11.375,s3: poly,1954.5877536338094,-211.58903442307152,5.7209806072790705
-6.125,11.625,s3: poly,2163.5338679086362,-229.96474827314032,6.110544059449865
-6.125,11.875,s3: poly,2150.085949763448,-227.57373578068612,6.022262130061985
-6.125,12.125,s3: poly,2470.6043415309273,-256.8889725432222,6.678815838636139
-6.125,12.375,s3: poly,2607.639395193818,-267.93836181885376,6.882949118203012
-6.125,12.625,s3: poly,2821.6583333196345,-287.24511521900894,7.308491309985059
-6.125,12.875,s3: poly,3062.5797863177454,-308.01469415389346,7.7382288335861915
-6.125,13.125,s3: poly,3250.42849587024,-324.10703388517396,8.069124137215102
-5.875,10.375,s3: poly,1280.1118925571202,-146.84769826965467,4.189079699150939
-5.875,10.625,s3: poly,1198.3589353928198,-140.80595691580905,4.092898479787729
-5.875,10.875,s3: poly,1581.496935001154,-177.95425188970725,4.983468974023273
-5.875,11.125,s3: poly,1948.3687832934124,-211.49953654332677,5.737844625116488
-5.875,11.375,s3: poly,1757.0420061738846,-192.63477752067928,5.27075053636087
-5.875,11.625,s3: poly,1853.0152558195182,-200.09793300700792,5.3973544670983
-5.875,11.875,s3: poly,2285.840986155957,-240.13573885544415,6.3089432778734835
-5.875,12.125,s3: poly,2801.335576671378,-287.7139210938758,7.388514339149783
-5.875,12.375,s3: poly,2891.3437954060364,-294.84655699862225,7.516550396312236
-5.875,12.625,s3: poly,2712.329894263449,-276.44530419004553,7.042239082385028
-5.875,12.875,s3: poly,2832.9960109563876,-286.53293351289625,7.240383631739367
-5.875,13.125,s3: poly,3079.661026687698,-308.10151317441733,7.697271728463893
-5.625,10.625,s3: poly,1027.8094377456664,-124.17054914052139,3.6917243675615725
-5.625,10.875,s3: poly,1245.2942265492748,-145.75980700998792,4.22419539472531
-5.625,11.125,s3: poly,1512.8578354601623,-170.95275099755352,4.806228418116839
-5.625,11.625,s3: poly,1859.30307349665,-200.26227225978732,5.389096335175692
-5.625,11.875,s3: poly,2185.9862414865906,-230.71248479544232,6.087323105123235
-5.625,12.125,s3: poly,2268.6555728485164,-237.4635426700887,6.214768991192744
-5.625,12.375,s3: poly,2769.991894498912,-283.3166219860247,7.244989110194464
-5.625,12.625,s3: poly,2870.5359486079237,-291.37695319506935,7.391301156739744
-5.625,12.875,s3: poly,2683.724437064617,-272.33420396484365,6.906034033926252
-5.625,13.125,s3: poly,3010.947642487703,-301.61525843960305,7.545652410041392
-5.375,10.875,s3: poly,1362.0151928277382,-156.17507228167406,4.448863943083107
-5.375,11.125,s3: poly,1518.5486885267371,-169.8162760220215,4.737558255664296
-5.375,11.375,s3: poly,1880.9928267156458,-203.5136836914771,5.50532405506188
-5.375,11.625,s3: poly,2156.8930627894456,-227.90089797658644,6.024759136442848
-5.375,11.875,s3: poly,2242.555342395434,-235.49520798842954,6.184611707323842
-5.375,12.125,s3: poly,2168.6951192266083,-228.55500614909622,6.02020860748666
-5.375,12.375,s3: poly,2484.00844015026,-256.7934521046724,6.6374371359438715
-5.375,12.625,s3: poly,2787.4272475650764,-283.98868514906223,7.232610954245329
-5.375,12.875,s3: poly,2845.700359111853,-287.9827534400951,7.283044068199769
-5.375,13.125,s3: poly,2911.0187963023327,-292.4281244778698,7.337832443256133
-5.125,11.375,s3: poly,2080.1297936375495,-221.22474645287477,5.887528395581377
-5.125,11.625,s3: poly,2187.370550850539,-230.76640101180453,6.092907421877063
-5.125,11.875,s3: poly,1987.4834507560572,-211.92437417388405,5.650234803467937
-5.125,12.125,s3: poly,2354.2598325081685,-245.37516012963698,6.396027305136083
-5.125,12.375,s3: poly,2327.336350835738,-241.5502033864043,6.268548260756391
-5.125,12.625,s3: poly,2663.324396433228,-271.96008937983703,6.941359312317334
-5.125,12.875,s3: poly,2867.0623001892645,-289.93167261570443,7.326579100575647
-5.125,13.125,s3: poly,2878.8041518253294,-289.49987852223023,7.272985378042861
-4.875,11.625,s3: poly,1780.759433687645,-191.81996605954578,5.166119098204777
-4.875,11.875,s3: poly,2134.4826939449918,-224.03363703571583,5.883053514196684
-4.875,12.125,s3: poly,2217.037237356687,-231.66299480355167,6.054514877324068
-4.625,11.875,s3: poly,2078.1614339094426,-218.32681617938562,5.740994401304989
-4.625,12.125,s3: poly,2201.6958894708796,-229.82384391776606,6.00049174041623
-4.875,13.375,s3: poly,2891.248876400813,-289.5187066141554,7.240766535119796
-6.125,13.375,s3: poly,3082.758251511761,-307.3931882012467,7.653204469057371
-9.125,11.375,s3: poly,1695.0689349235172,-192.02528454815595,5.399016222154274
-5.625,11.375,s3: poly,1893.2249072334832,-205.11248768814096,5.55053435470706
-11.375,18.625,s3: poly,551.4462035435974,-54.67621235957417,1.3536852850386965
